"Variant","Notes","Run","StartupMs","PrivateWorkingSetMB","PrivateBytesMB","WorkingSetMB","IdleCpuMsOverWindow","CpuWindowSeconds"
"WPF","1","1","792","103,2","139,7","226,3","78","3"
"WPF","1","2","780","102,8","140,1","225,9","94","3"
"WPF","1","3","758","103,5","144,7","226,5","94","3"
"WinForms","1","1","370","49","52,7","123","0","3"
"WinForms","1","2","385","49","52,6","123","16","3"
"WinForms","1","3","381","49","52,6","123","0","3"
"Win32","1","1","136","25,1","28,7","74,1","0","3"
"Win32","1","2","136","25,1","28,5","74,1","0","3"
"Win32","1","3","137","25,1","28,8","74,2","0","3"
"Rust Win32","1","1","44","6,3","8,1","30,4","0","3"
"Rust Win32","1","2","44","6,3","8,7","30,4","0","3"
"Rust Win32","1","3","43","6,2","8,3","30,3","0","3"
"Go Win32","1","1","42","7,2","19,4","32,5","0","3"
"Go Win32","1","2","43","7,4","20,1","32,7","0","3"
"Go Win32","1","3","34","7,3","19,5","32,5","0","3"
"WPF","5","1","757","110,7","161,8","238,2","0","3"
"WPF","5","2","764","110,3","156,8","236,8","31","3"
"WPF","5","3","760","109,5","156","236","16","3"
"WinForms","5","1","357","49,1","52,7","123,2","31","3"
"WinForms","5","2","356","49,7","53,2","124,1","16","3"
"WinForms","5","3","389","49,3","53","123,4","16","3"
"Win32","5","1","137","25,2","29,1","74,3","0","3"
"Win32","5","2","137","25,2","29,1","74,3","0","3"
"Win32","5","3","137","25,2","28,5","74,2","0","3"
"Rust Win32","5","1","44","6,3","8,1","30,4","0","3"
"Rust Win32","5","2","43","6,4","8,5","30,5","0","3"
"Rust Win32","5","3","45","6,3","8","30,4","0","3"
"Go Win32","5","1","43","7,5","19,5","32,8","0","3"
"Go Win32","5","2","43","7,4","19,7","32,7","0","3"
"Go Win32","5","3","42","7,4","19,9","32,7","0","3"
